{
  "timestamp": "C:\\Users\\rangp\\Documents\\Koushik_project",
  "summary": {
    "precision@10": 0.7833333333333333,
    "recall@10": 0.7833333333333333,
    "mrr": 1.0,
    "ndcg@10": 0.8400587710968709
  },
  "details": {
    "precision@10": [
      1.0,
      1.0,
      0.8,
      0.6,
      1.0,
      0.3
    ],
    "recall@10": [
      1.0,
      1.0,
      0.8,
      0.6,
      1.0,
      0.3
    ],
    "mrr": [
      1.0,
      1.0,
      1.0,
      1.0,
      1.0,
      1.0
    ],
    "ndcg@10": [
      1.0,
      1.0,
      0.8643145546088337,
      0.7222954974312066,
      1.0,
      0.4537425745411855
    ]
  }
}